name,dept,requiredType,courseNumber,grade,schedule,weeks,buildingCode,room,instructor,credits
微積分(一),資訊工程學系,必修,1226,1,"234,35",,AT,336,戴淯琮,3
普通物理學實驗,資訊工程學系,必修,1245,1,4567,,S2A,06,張志軍,1
普通物理學,資訊工程學系,必修,1255,1,3234,,S,201,林偉翔,3
計算機程式設計,資訊工程學系,必修,1279,1,5234,,S,821,王秀郎,3
機率,資訊工程學系,必修,1341,1,1234,,AT,338,吳俊霖,3
邏輯設計,資訊工程學系,必修,2152,2,3234,,AT,242,張延任,3
資料結構,資訊工程學系,必修,2202,2,1567,,AT,335,曾學文,3
線性代數,資訊工程學系,必修,2292,2,2234,,AT,338,陳煥,3
資訊安全導論,資訊工程學系,選修,2304,3,1234,,SC,112,林詠章,3
作業系統,資訊工程學系,必修,3171,3,"234,42",,AT,242,張軒彬,3
作業系統實驗,資訊工程學系,必修,3172,3,3678,,S,821,張軒彬,1
計算機組織,資訊工程學系,必修,3259,3,5234,,AT,242,陳奕中,3
資料庫管理系統導論,資訊工程學系,選修,3286,3,2678,,S,1002,林傑森,3
資訊專題(一) a,資訊工程學系,必修,3345,3,*,,*,*,林傑森,2
資訊專題(一) b,資訊工程學系,必修,3346,3,*,,*,*,陳奕中,2
資訊專題(一) c,資訊工程學系,必修,3347,3,*,,*,*,楊景明,2
人工智慧,資訊工程學系,選修,4108,4,3234,,AT,335,陳奕中,3
機器學習,資訊工程學系,選修,4117,4,2678,,S,821,楊景明,3
微積分(一) p,電機工程學系,必修,1220,1,3789,,EE,202,李洳錚,3
普通物理學實驗 k,電機工程學系,必修,1248,1,2567,,S2A,05,阮俊人,1
普通物理學 c,電機工程學系,必修,1256,1,1678,,S,202,王德賢,3
計算機概論 a,電機工程學系,選修,1303,1,2234,,EE,202,賴永康,3
計算機程式設計 Z,電機工程學系,必修,1305,1,3234,,EE,204,吳國光等,3
工程倫理 Z,電機工程學系,必修,1323,1,434,,EE,106,蘇武昌,2
硬體描述語言設計 Z,電機工程學系,選修,2317,2,5234,,EE,106,黃穎聰,3
資料結構 Z,電機工程學系,選修,2319,2,2234,,EE,108,蔡曉萍,3
工程數學(二) a,電機工程學系,必修,2325,2,1567,,EE,201,廖俊睿,3
工程數學(三) a,電機工程學系,必修,2327,2,3567,,EE,201,陳後守,3
電路學(一) Z,電機工程學系,必修,2329,2,3234,,EE,108,劉浚年,3
電子學(一) Z,電機工程學系,必修,2331,2,1234,,EE,106,許恒銘,3
電工實驗(一) a,電機工程學系,必修,2333,2,389A,,EE,503,吳國光,1
半導體工程 Z,電機工程學系,選修,2338,2,4234,,EE,207,賴聰賢,3
平面顯示器概論 Z,電機工程學系,選修,3262,3,5234,,EE,202,汪芳興,3
電磁學(一) a,電機工程學系,必修,3401,3,3234,,EE,201,林維亮,3
超大型積體電路設計導論 Z,電機工程學系,選修,3403,3,4234,,EE,101,黃穎聰,3
自動控制 Z,電機工程學系,選修,3404,3,1678,,EE,202,陳正倫,3
類比電路設計 Z,電機工程學系,選修,3406,3,2234,,EE,201,楊清淵,3
電工實驗(三) a,電機工程學系,必修,3408,3,489A,,EE,503,劉漢文等,1
基本通訊實驗 a,電機工程學系,選修,3411,3,3789,,EE,502,劉宗榮等,1
自動控制實驗 Z,電機工程學系,選修,3414,3,2789,,EE,401,陳正倫,1
微電子實驗 Z,電機工程學系,選修,3415,3,3789,,EE,102,江雨龍等,1
電機機械實驗 Z,電機工程學系,選修,3416,3,3789,,EE,511,蘇武昌,1
超大型積體電路設計實驗 Z,電機工程學系,選修,3418,3,3789,,EE,607,許恒銘等,1
通訊理論 Z,電機工程學系,選修,3424,3,1234,,EE,207,陳喬恩,3
數位電路專題(二) Z,電機工程學系,選修,4267,4,"11,21",,*,*,黃穎聰,2
多媒體通訊專題(二) Z,電機工程學系,選修,4268,4,"11,21",,*,*,翁芳標等,2
信號處理專題(二) Z,電機工程學系,選修,4270,4,"11,21",,*,*,吳國光,2
微電子專題(二) Z,電機工程學系,選修,4271,4,"11,21",,*,*,蘇武昌,2
微波專題(二) Z,電機工程學系,選修,4272,4,"11,21",,*,*,江衍忠,2
資訊專題(二) Z,電機工程學系,選修,4273,4,"11,21",,*,*,溫志煜,2
控制專題(二) Z,電機工程學系,選修,4275,4,"11,21",,*,*,林俊良,2
電子電路專題(二) Z,電機工程學系,選修,4276,4,"11,21",,*,*,張振豪,2
通信專題(二) Z,電機工程學系,選修,4277,4,"11,21",,*,*,陳後守,2
類比電路專題(二) Z,電機工程學系,選修,4278,4,"11,21",,*,*,楊清淵等,2
系統整合專題(二) Z,電機工程學系,選修,4279,4,"11,21",,*,*,莊家峰,2
網路專題(二) Z,電機工程學系,選修,4280,4,"11,21",,*,*,廖俊睿,2
超大型積體電路設計專題(二) Z,電機工程學系,選修,4281,4,"11,21",,*,*,張振豪等,2
影像顯示器專題(二) Z,電機工程學系,選修,4282,4,"41,51",,*,*,江雨龍,2
智慧型系統專題(二) Z,電機工程學系,選修,4283,4,"11,21",,*,*,蔡清池,2
系統晶片專題(二) Z,電機工程學系,選修,4284,4,"11,21",,*,*,賴永康,2
微處理機專題(二) Z,電機工程學系,選修,4285,4,"11,21",,*,*,蔡智強,2
微積分(一) f,電機資訊學院,必修,1208,1,3567,,Y,207,陳世昕,3
普通物理學,電機資訊學院,必修,1224,1,5234,,S,201,陳惠玉,3
普通物理學實驗 j,電機資訊學院,必修,1262,1,3123,,S2A,05,謝立青,1
計算機程式設計 f,電機資訊學院,必修,1302,1,1234,,EE,402,吳國光等,3
硬體描述語言設計 Z,電機資訊學院,選修,2317,2,5234,,EE,106,黃穎聰,3
資料結構 Z,電機資訊學院,必修,2319,2,2234,,EE,108,蔡曉萍,3
工程數學(二) Z,電機資訊學院,必修,2326,2,1567,,EE,108,蔡清池,3
工程數學(三) Z,電機資訊學院,必修,2327,2,3567,,EE,201,陳後守,3
電路學(一) Z,電機資訊學院,必修,2329,2,3234,,EE,108,劉浚年,3
智慧車輛 f,電機資訊學院,選修,3209,3,5234,,EE,201,賴慶明,3
AI晶片設計 f,電機資訊學院,選修,3218,3,2678,,EE,202,吳崇賓,3
物聯網專題(一) f,電機資訊學院,必修,3222,3,*,,*,*,張延任,2
人工智慧專題(一) f,電機資訊學院,必修,3223,3,*,,*,*,溫志煜,2
機器學習 f,電機資訊學院,選修,3252,3,1234,,EE,102,張敏寬,3
超大型積體電路設計導論 Z,電機資訊學院,選修,3403,3,4234,,EE,101,黃穎聰,3
自動控制 Z,電機資訊學院,選修,3404,3,1678,,EE,202,陳正倫,3
電機機械實驗 f,電機資訊學院,選修,3410,3,3789,,EE,511・EE815,溫志煜,1
基本通訊實驗 Z,電機資訊學院,選修,3411,3,3789,,EE,502,劉宗榮等,1
基本通訊實驗 Z,電機資訊學院,選修,3412,3,4789,,EE,502,陳後守等,1
超大型積體電路設計實驗 Z,電機資訊學院,選修,3418,3,3789,,EE,607,許恒銘等,1
自動控制實驗 Z,電機資訊學院,選修,3414,4,2789,,EE,401,陳正倫,1
深度學習 f,電機資訊學院,選修,4269,4,4678,,EE,401,劉宗榮,3